{
		"layoutName": "row",
		"class": "row",
		"children": [{
			"layoutName": "column",
			"model": {
				"class": "col-md-6 2screen-collapse collapse in collapsible-container",
				"children": [{
							"layoutName": "div",
							"model": {
								"onclick": "screenToggle(this)",		
								"class": "fa fa-arrow-right absolutetopright collapsible-toggle"
								}
							}]
			}
		}, {
			"layoutName": "column",
			"model": {
				"class": "col-md-6 2screen-collapse collapse collapsible-container",
				"children": [{
							"layoutName": "div",
							"model": {
								"onclick": "screenToggle(this)",	
								"class": "fa fa-arrow-left absolutetopright collapsible-toggle"
								}
							}]
			}
		}
		 ]
}