{
	"layoutName": "collapsible",
	"class": "customDiv",
	"children": [{
		"layoutName": "div",
		"model": {
			"class": "collapsed collapsible-toggle",
			"data-toggle":"collapse",
			"data-target":"#collapsiblecontainer-selector",
			"children": [{
				"layoutName": "div",
				"model": {
					"class": "fa fa-reorder"
				}
			}]
		}
	}, {
		"layoutName": "div",
		"model": {
			"id":"collapsiblecontainer-selector",
			"class": "collapse collapsible-container",
			"children": [{
				"layoutName": "div",
				"model": {
					"class": "customDiv"
				}
			}]
		}
	}]
}