{
    "name":"12grid",
    "displayName":"Bootstrap 12grid layout",
    "packageType": "Web-Layout",
    "icon": "https://upload.wikimedia.org/wikipedia/commons/thumb/e/ea/Boostrap_logo.svg/1020px-Boostrap_logo.svg.png",
    "description": "This is the bootstrap 12 grid layout package for making responsive forms. It is meant to work with the bootstrap components package or any other compatible component packages. You can build a responsive layout for your form using this combination or components and layouts.",
    "wikiUrl": "https://github.com/Servoy/12grid/wiki",
    "sourceUrl" : "https://github.com/Servoy/12grid",
    "releases" : [{"version":"1.0.1","url":"https://github.com/Servoy/12grid/releases/download/v1.0.1/12grid.zip"},
                  {"version":"1.0.2","url":"https://github.com/Servoy/12grid/releases/download/v1.0.2/12grid.zip"},
                  {"version":"1.0.3","url":"https://github.com/Servoy/12grid/releases/download/v1.0.3/12grid.zip"},
                 {"version":"1.0.4","url":"https://github.com/Servoy/12grid/releases/download/v1.0.4/12grid.zip"},
				 {"version":"1.1.0","url":"https://github.com/Servoy/12grid/releases/download/v1.1.0/12grid.zip"}]
}
